oracle,chat_gpt
Most of the students enjoyed learning about the DIKW Pyramid. Students really enjoyed your explanation and the way you walked through examples. Some students have doubts over topics such as entropy so I would suggest going over those at the beginning of next lecture.,"Some students found the distinction between information and knowledge confusing in today's class, but overall, most found the lecture clear and interesting, with some wishing for more time to discuss."
Most of the students seem to have an understanding of the material covered in class. A few students are still struggling with the concept of binary numbers and the conversion of it to different bases. I would suggest going over a few examples showing the conversion step by step to help students clarify their doubts.,"Some students found binary and abstraction confusing, while others had no confusion. One student had questions about how computers use bits to create sound and how they interpret data."
"Students have a well-rounded understanding about the concepts of graphs and networks. A few of the students enjoyed watching the experiments that were presented in class. I would suggest showing more of these experiments, so students continue understanding topics covered in class.","In today's class, students found the concept of graphs and networks to be the most interesting, particularly in relation to social media platforms like Facebook and Twitter. They also enjoyed learning about the interconnectedness of the internet."
Students enjoyed learning about the DIKW Pyramid. A few of the students enjoyed learning about entropy and the example of the self-driving cars. ,Students found the DIKW pyramid and information theory to be the most interesting topics discussed in class. They also enjoyed the open discussions with their professor and peers.
Most students had no confusion over the material covered in class. A few had questions related to the data structures and functions covered in class. I would suggest you to go over a problem related to each of them and clear any doubts the students have.,"Overall, students found today's class to be easy and well explained. Some were interested in more concrete examples of how structure dictates function, while others had no confusion at all."
"Some students had no confusion related to the material covered in class. Other students would like more clarity related to the ethics of an AI system, weapons of mass destruction, bias, and opaqueness. I would suggest going over these topics at the beginning of next lecture.","Most students found nothing confusing in today's lecture. Some were confused about metrics for determining ethical technology, the scale of algorithms, AI ethics, bias in data, PII, opaqueness, and weapons of math destruction."
"In this lecture, the most interesting concepts were those systems and their components, as well as structures and commons. The concept of addiction and intervention in how they applies to systems was also very interesting. Finally, many students found examples, such as the Tragedy of the Commons, very interesting.","The students found the real-life examples and applications of system thinking to be the most interesting aspect of the class, particularly the Tragedy of the Commons and the concept of addiction in systems. They also appreciated the ability to ask questions and clarify concepts."
Students seem to really enjoy learning in detail about the LZW compression and expansion. Specifically representing graphs as matrices and entropy. It also seems like they enjoyed learning the unqiue benefits and drawbacks of different compression algorithms.,"The students found graphs, entropy, and compression interesting in today's class, particularly LZW compression. They also found representing graphs as a matrix intriguing."
"The Huffman Compression algorithm seems to be a very confusing yet interesting topic amoung the students for the last few lectures. Specifically, how the Huffman Compression allows sharing of large data much more efficient and memory-friendly.","Students found Huffman Compression and its practical applications to be the most interesting part of the class, including its use in file encoding and prefix-free code generation through pre-order traversal."
"In this lecture students found learning about binary tree terminology interesting as well as the different ways of traversing them. Students also found the different approaches of traversal interesting, especially seeing it in different blocks of code and diagrams.Students also enjoyed learning the distinction between non tail and tail recursion.","Students found the binary tree terminology and various traversal methods interesting, particularly in-order and pre-order traversal. Recursion and tail-recursive functions were also noteworthy."
"In this lecture students found binary search trees to be very interesting, especially to remove and add nodes, as well as tree traversal. Students were interested in learning about the red-black bst.","Students found Red Black BSTs, rotations, and modifying trees interesting, while adding and deleting nodes and implementation were confusing. They appreciated a review of binary search trees and traversals."
In this lecture the students found runtime analysis and calculation very interesting to learn. They also enjoyed going through the code examples and found it useful to see the method of analysis. Students also liked learning more about the big O family. ,"The students found the runtime analysis and calculation to be the most interesting aspect of the class, particularly breaking down loops and using the Big-O family. They also enjoyed learning about the mathematical definitions of Big-O, Big-Theta, and Big-Omega functions."
"Students worked with binary trees and recursion in this lecture, and found these two main topics the most interesting. They also reviewed the exam results. Students especially enjoyed recursion after they were able to wrap their heads around it.",Students found rotations and fixing a black-red tree confusing. Recursion and its applications were interesting. Exam discussion and changing binary tree base cases were also noted.
"In this lecture, students learned about binary trees and using induction to prove their heights. Students were confused by the proof, especially at the inductive step. Strong induction, as opposed to mathematical induction, seems to be extra difficult for students.","Students found the structural induction proof for binary trees and height to be confusing, struggling with the inductive step and overall concept. Some also found full binary trees and height calculations to be difficult."
"In this lecture, students learned about permutations and combinations as well as other combinatorics problems. They worked with strings to apply what they learned about permutations and combinations. Students reported being intrigued by the topics in general. ","Students found the permutation and combination formulas interesting, particularly with repetition and closed form solutions. They also appreciated the conceptual Indistinguishable to Indistinguishable problem and learning different problem-solving approaches."
"In this lecture, students learned about strong induction and its application in proofs. They worked through example proofs such as the postage proof, and learned the difference between mathematical and strong induction. Students enjoyed setting up base cases to help them with the problems.","The students found strong induction to be the most interesting topic, but also the most difficult to understand. They appreciated the connection between strong and regular induction, and enjoyed the problem-solving aspect of applying strong induction to postage stamps."
"In this lecture, students learned about variance, Bernoulli trials, and applications of Bayes' theorem. Students found all of these subjects interesting, especially Bayes' theorem applications. Students really enjoyed the spam filter application of Bayes' Theorem.","Students found the implementation and fixing of black-red trees confusing. They also showed interest in the practical applications of Bayes' Theorem, specifically in spam filtering. Visualizing graphs enhanced their understanding of variance."
"In this lecture students were interested in learning about different proofs and how they can be used. Students were also interested in the different ways to solve proofs, and thought that errors that occur are also interesting.They also found sets to be interesting.","Students found red-black tree rotations, node addition/deletion, and implementation confusing. They found the process of proving interesting, especially the use of non-constructive proof and the diversity of strategies."
"In this lecture students found confusing the russel paradox for sets and would require futher explanation. Studnets were also confused by the cartiesian products and would like to go over it more, may help to provide more examples. Builder notation was also confusing for some students. Students also would like more explanation on the elements in certain subsets. More explanation on N-tuples.  ","Students found Cartesian products and n-tuples confusing, especially towards the end of class. Some students also had difficulty understanding elements in subsets and the Russell Paradox. However, most concepts were clear, and practice problems could help."
In this lecture students were confused with cardinality of infinite sets. Students were also confused with zig zagging and why it is needed. Students also would like more examples of nested sequences. Students are also confused with the simplification process and require more explanation. More examples of addition of summations.,"Students found the cardinality of infinite sets confusing, particularly the countability of rationals and zig-zagging. Simplification and summation were also challenging, but more examples and closed-form solution derivations would be helpful."
In this lecture students found the rules of inference confusing and prefer more details. They were also confused by the concepts of contraposition and contradiction. They also need further instruction to  understand the method of using the pigeonhole principle. Students also need more practice and examples of proofs.,"Students found rules of inference, proofs, and examples using the pigeonhole principle confusing. Some requested more practice and clearer explanations."
In this lecture students found it confusing to learn about bitwise operations. Students also struggled learning Demorgans law. Students also were confused with propositional logic. Studens also struggled with switching between logical symbols for implication and English translations.,Students found translating English sentences to propositional logic and applying logical propositions to solve puzzles to be confusing. There was also some difficulty with bitwise operations and applying DeMorgan’s law. Further elaboration and practice are needed.
In this lecture students thought learning cardinality of infinite sets interesting. Students were also interestedc in learning about proofs. Students also enjoyed learning about summation and the formulas they had to use. ,"Students found cardinality of infinite sets, bijection between rationals and natural numbers, and summation formulas interesting. The proof for special case summation, countable and not countable sets, and sequences/series also intrigued them."
Students enjoyed learning about the Minimum Spanning Tree and the algorithms related to it. They also enjoyed going through the Prims Algorithm and Kruskals Algorithm. I would suggest going over a few more examples to further solidify the concepts of these algorithms.,Students found rotations and implementation of black-red trees confusing. They found Kruskal's algorithm and tracing through algorithms interesting. Next lecture may cover these topics further.
Most of the students had no confusion related to the material covered in class. A few would like to revise Breadth First Search and Depth First Search along with understanding the functionality of the call stack. One student wanted more examples on iterative traversals.,"Students found rotations and implementation of black-red trees confusing, as well as deleting/adding nodes and tracing. More examples and typed Java code for iterative traversal may help. Some students want to review DFS/BFS and call stack."
"Few of the students didn't have any confusion related to the material covered in class. There still seems to be confusion over heap sort and PQ sort. Along with that, few were also confused with the diffeence about Prim's Algorithm vs. Kruskal's Algorithm.","The students found heap sorting and heapify process to be confusing. The implementation and tracing of PQ sorting also caused confusion. Finally, they were unsure about when to use Prim's or Kruskal's algorithm for finding a minimum spanning tree."
"Students are still confused about the Prim's algorithm and concepts related to it. Along with that, a few students were also confused with how to find the best edge in a graph and how to calculate the low and num value for a specific vertex. I would suggest going over these topics at the beginning of next lecture so students can clear their doubts.","Students found the implementation of red-black trees confusing, especially regarding rotations and node operations. In graph theory, Prim's algorithm and calculating low and num values for vertices were also unclear."
Students seem to have a well-rounded understanding of the material covered in class. A few of the students would like clarification on the difference between Huffman and LZW. A few would also like to further understand the purpose of LZW Compression. I would suggest going over these topics at the beginning of next lecture.,"Students found the rotation and implementation of black-red trees confusing. There was also some confusion on adding and deleting nodes, and tracing in red-black trees. Additionally, some students were unsure about decoding with LZW and the general approach to LZW compression. A review on when to use LZW and Huffman may be helpful."
Students enjoyed learning about the different algorithms learned in class. Along with that they also enjoyed learning about the bottleneck problem and the data flow problem. I would suggest going over another example of these problems to solidify these concepts.,"Students found the implementation and fixing of a black-red tree confusing, along with node deletion and addition. The residual graph and BFS for finding augmenting paths were interesting, as well as the bottleneck problem and back edges."
"Students enjoyed the bubble sort implementation method. The pin cracking, three sum, and tree of outcome examples were also interesting to the students. Lastly, the Big O notation also piqued student interest. Unfortunately, there is not much else to say, as again the student response rate is quite low. It might be best to remind students that these response prompts are beneficial to their learning.","Students found the implementation and fixing of black-red trees confusing. They were interested in bubble sort and pin cracking, and found discussing runtime calculations helpful. Overall, they enjoyed the class."
"Most students found that the assembly and creation of binary trees were particularly interesting for them. Other students talked about binary nodes being interesting for them, as well. Two aspects of the class that students also mentioned as interesting were the comparisons to the theory and the code, as well as the walkthrough of how to write the code. Lastly, some students discussed the recursion methods as the most interesting.","The students found the code walkthrough and binaryNode class interesting, as well as the different recursive methods and tree interface. They appreciated how neatly binary trees work and how easy they are to assemble."
"The most confusing thing for students from this lecture was post order traversal. The other points of confusion were only brought up by one or two students. This included differences between pop and visit, stacks, runtimes, and symbol tables. Going over the post order traversal would be best for the class.","Students were mostly clear on today's lecture, but some found the post-order traversal and symbol tables confusing. There were also questions about iterative post-order and stack implementation. Overall, students did not have significant difficulties with the lecture."
"The students seemed to enjoy learning about the Big O and similar annotation processes. They also discussed runtime and how to make it better. Also, some students were interested in the class structure itself and looking forward to participating in class. Two other topics brought up in the discussion were asymptotic performance and algorithm efficiency.","The students found the discussion on asymptotic performance and big O notation to be the most interesting part of the class, particularly the differences between various notations and how they are used to estimate runtime. There was also positive feedback on the class structure and engagement."
"While the students were confused by the DST and RST portion of the lecture, they also found it the most interesting. One student specifically stated that they found it interesting to learn about the differences in add and search time between the two. There was also some interest in the binary number example and learning where to place the values and nodes. The other subjects that students found interesting included information storage, abstract type tree, and runtime variations.","Students found the different types of trees, especially Digital Search Tries (DSTs) and Ranked Search Tries (RSTs), interesting. They also enjoyed analyzing the performance and runtime of different tree structures and the example with binary numbers."
"In this lecture, students found adjacency matrixes and lists very interesting, especially the latter. They also found pace versus time in terms of lists and matrices interesting. They also found BFS and DFS very interesting.","Students found the use of adjacency lists and matrices interesting, as well as BFS and DFS traversal. They also found the differences between adjacency lists and matrices confusing, as well as rotations and fixing of red-black trees."
"In this lecture, students found working with amortized time interesting. They also found prims algorithm array and the articulation point algorithm interesting. Finally, they expressed interest in the heap structure: heap removal, heap runtime, and the heap PQ array format.","Students had confusion with rotations, implementation and fixing of black-red trees, and node manipulation. Some found amortized runtimes and heap PQ array format unclear, but others had no confusion."
In this lecture students found it interesting to learn about the process of backtracking and recursion through the 8 queens problem. Students also enjoyed learning about through other examples like recursion in trees and the boggle problem.,"The 8 Queens problem and the application of backtracking and recursion were the most interesting topics in today's class, while the rotations and fixing of black-red trees, as well as node deletion and addition, caused confusion."
"In this lecture, students found the itroduction to graphs most interesting, specifically graph applications, as well as graph storage and runtime. Some students also mentioned interest in adjacency matrixes and shannon entropy.","The students found the implementation and fixing of a black-red tree, as well as deleting and adding nodes, to be confusing. They found the introduction to graphs and its applications to be interesting and useful."
"While students did find red-black bst's confusing, they also found it interesting. Many students discussed this as the part of the lecture that they felt was most interesting. Others students discussed tree heights, asymptotic runtimes, and removal methods as their favorite. One student also specifically stated they enjoyed the code walkthrough.","Students found red-black BSTs to be the most interesting topic, with a focus on asymptotic runtimes, implementation, and removing nodes. They also found the code walkthrough and design of the BST to be interesting. Some confusion was expressed about rotations and node manipulation."
"The students seemed interested in the bike data, and learning about how to develop an engineering project statement. The students also seemed to get a lot out of the breakout rooms where they could share information. They also seem generally interested in using Excel.",Students found the bike share project and data analysis in Excel to be the most interesting topics covered in today's class. They also enjoyed working with new group members and learning about problem statements.
"A major concern for the students in this class was a discrepancy between slides that impacted their ability to perform an in-class activity. This slide discrepancy should be fixed immediately. There was also some concerns about the CO2 emmission calculation in general, so it might be worth reviewing. There are some students who are concerned about their midterm exam grades. Perhaps discussing this would also be helpful.","Students found the in-class activity confusing due to discrepancies between slides and unclear instructions for calculations. However, overall, they found the class to be straightforward and helpful in understanding climate change and upcoming assignments."
"The students mostly reported that they were a little confused about the Whiteboard activity. There might have been some confusion on how to get that started in today's lecture. Other students noted some issues with the quiz, and others wanted more details regarding assignments or activities. There were some students who specifically mentioned needed more structure for a prototype as well as sketching.","Most students found the lecture straightforward and not confusing. However, some were unsure about the details of the upcoming assignment and found the whiteboard feature in Zoom confusing during the collaborative sketching activity."
"It seems that a majority of the issues that students had with this class had to do with Excel. It seems that they mainly had difficulty with the overflow and/or the underflow bins. Additionally, there were several issues involving the creation of the histograms. There also seems to be confusion regarding assignments and also due dates. It might be useful for the professor to go over any confusion regarding the assignments, and to review the due dates of upcoming assignments.","Some students found the in-class activity confusing due to unclear instructions, while others struggled with using Excel and manipulating histogram data. However, most students found the lecture to be clear and informative, with some requesting more in-depth explanations for certain topics."
A majority of the students enjoyed the pros and cons activity. Students seemed to also learning about design strategies and biomimicry. The students also enjoyed groupwork and having time to work on Assignment 17.,"Students found the in-class activities interesting and engaging, particularly working with their new groups and evaluating pros and cons. They enjoyed brainstorming and researching biomimicry for the design project."
"The students were very interested in hydroelectric power and the reservoirs. Group work and citations were also of interest to the class. The new project seems to interest the students, as well.",Students found learning about hydropower and the Taum Sauk Reservoir to be the most interesting aspect of the class. They also enjoyed working with their groups and discussing the upcoming project.
"Many students were interested in the carbon emissions equations and calculations. A sizable portion of the students mentioned enjoying finding out the carbon emissions of their cars. They are also relating it to thier personal footprints, and how it is impacting the world. Outside of the carbon emissions work, students were also interested in the discussion of trade-offs, and working in thier groups.",Students found the discussion on carbon footprints and their impact on the environment interesting. They also found the in-class activity on calculating CO2 emissions of their cars and the discussion on design trade-offs to be engaging.
"Many students found histograms to be the most interesting aspect of the lecture. There was also a considerable amount of interest in Excel, as well as the assignments and statistics. Working in groups seems to also be popular with students.",Students found the in-class activity of working with histograms and learning how to use them in Excel to be the most interesting part of the class. They also appreciated the guidance on which graph to use for different types of data.
"In this lecture, students were most interested in learning about z-scores, especially the z-score chart. Students were also interested in how to find probabilities using z-scores, histograms, or from real data. Additionally, students enjoyed the Skittles assignmenet and getting to apply concepts to real data. Furthermore, students liked time spent working in teams. Finally, students were interested in how to normalize/standardize data, uses of normalized data, and how to convert this data back to frequencies.",Students found learning about z-scores and their application to probability to be the most interesting part of the class. They also enjoyed the skittles activity and working in breakout rooms with their new groups. The power of Excel and the usefulness of histograms were also noted.
"In this lecture, students were most confused about assignment specifics and due-dates, especially the expectations for in-class assignments. Students also struggled working with excel, especially the pivot table activity. A few students also mentioned confusion with breakout rooms and felt they were rushed.","Students found the in-class activity and Excel-related topics to be somewhat confusing. Additionally, some students were unclear about assignment due dates and requirements. However, many students did not find anything particularly confusing in today's class."
Students found today's class extremely intriguing. The topics they found interesting subsumed of calculating their carbon footprint and learning about carbon emissions. They enjoyed learning about motor carbon emissions as well as climate change. Another topic they enjoyed learning about today was trade offs.,"In today's class, students found the discussion on carbon footprints and trade-offs interesting. They also enjoyed the in-class activity of calculating the CO2 emissions of their cars and appreciated the studio time to work on assignments."
"Most of the students today found the idea of prototyping and modeling very interesting. Many of the students enjoyed brainstorming with their peers in breakout rooms, and other students enjoyed working on and figuring out what to do for their projects and assignments.",Students found the process of prototyping and working with their teams to generate ideas and solutions to be the most interesting part of the class. They also found the CAD software and 3D printing lab at Purdue to be fascinating.
"The students in today's lecture seemed to really enjoy problem scoping. They also seemed to enjoy writing their problem statements and working on the design as well. Many students expressed interest in the project they were assigned, and a few students mentioned interest in campus related issues.",Students found the new design project and problem scoping to be the most interesting topics in today's class. They were also interested in the differences between novice and professional engineers and the importance of stakeholder relations.
"In today's lecture, students were most interested in histograms, including how to make and utilize them and some of their general properties. Students also enjoyed learning about what charts to use to represent different variables and data types the best. Additionally, students liked working with their groups and interacting with the class in general. Furthermore, students found the in-class activity (assignment 7) very helpful. Finally, students felt that they were getting better at using Excel, and class helped clarify some of their problems.",Students found learning about histograms in Excel and how to use them to display data distribution and patterns to be the most interesting part of today's class. They also appreciated the opportunity to work in groups and clarify their understanding of different types of graphs.
"In this lecture, students were interested in working with their teams. They were also interested in working in excel. They found the coffee ica interesting. The students enjoyed playing the kahoot and found it interesting. Working on the payback calculations were also interesting.","Students found the teaming process and working with Excel interesting. They also enjoyed meeting their new teams, playing Kahoot and learning about financial analysis, payback equations and capital investments."
"In this lecture, students found the quiz to be difficult and felt like they needed more time. Students were confused by the parts of the assignment. They were confused by the monthly solar electricity production. Students were also confused by the carbon mission data reliably.","Some students found the in-class activity and working with new groups interesting while others did not find anything confusing. However, some students found the estimated time on the quiz and finding reliable carbon emission data confusing."
"In this lecture, students were intersted in learning about the wieghted decision matrix. Students were also interested in the extra credit opppurtunites. They were also interested in seeing realistic examples of engineering teams working in the quiz. Students also were interested in learning more about idea generation. Students found the previous design projects interesting. They also found it intersting to look at the different types of inputs and outputs for the arduninos. Lastly, students were interseted in working on their own final project. ","Students found the work time provided for their project and extra credit opportunities interesting. They also showed interest in weighted decision matrices, different types of inputs and outputs for arduinos, and idea generation. Realistic examples of engineering teams in the quiz were also noted."
In this lecture students were confused with the unit conversions. Students also expressed that the class slidees were confusing to follow along too. The payback formula was also confusing for the students. Some of the information regarding economics was confusing. Students also thought the in class excel activity was confusing.,"Some students found the economics formulas and unit conversions confusing, while others had difficulty with the in-class Excel activity. However, overall, most students did not find anything confusing in today's class."
"In this lecture, students were confused with some aspects of the in class activity. Specifically, 2b was confusing for students. Students expressed it was confusing to describe the criteria and the constraints. Some students also thought the questions were ambigous and could have been more detailed. There was also some confusion around the source requirements for the problem statement. Also there was confusion around people who are classified as stakeholders.","Some students found the criteria and constraints in the in-class activity confusing, while others were unsure about the purpose and requirements of the ICA. However, most students found the class informative and did not have any major confusion."
Most students were interested in learning about noise in graphs and using matlab for graphing. Some students were interested in coming up with many different solutions and Milestone 1. A few students were interested in V0 and Vmax calculations as well as making decisions based on evidence.,"The students found various aspects of today's class interesting, including brainstorming ways to deal with noisy data, exploring multiple approaches to solve problems, and learning about non-linear regression. They also enjoyed working with their teams on the project."
Most students were confused about the logistics of Milestone 3. Some students were also confused about revisiting milestone 2 algorithms and changing them accordingly for milestone 3. A few students were also confused about the concept quiz and the new data set given.,"Students found the logistics and instructions for Milestone 3 confusing. Some were unsure about the calculations and figures needed. However, some found everything clear and straightforward. Some wanted more clarification and feedback on M2."
Most students were confused on how to prepare a technical presentation to the clients and how to better improve the code for the milestone 4. Some students were also interested in building their resumes and extra credit opportunities while another student was also interested in the reflections part of milestone 4z,"Students found the class to be mostly straightforward, without any major confusion. Some were unsure about the expectations for the resume header and technical brief for M4. Others were unclear on how to improve their algorithms and how to make recommendations to clients."
"Most students were interested in writing technical presentations during in-class activity and building resumes for themselves. Some students were also interested in working more on their algorithms and working as a team, whereas some students were more interested in the semester being over and one student was interested in submitting the CATME survey again.","Students found the technical brief and resume building for M4 interesting as it helped them analyze their project. They also found the in-class activity on resume building informative. Some students were excited about getting the next week off, and the opportunity to submit resumes for internships."
"In this lecture, students found working with user defined functions to be interesting. They also were interested in workin in Matlab. Students were interested in working on the in class activity. Students also appreciated getting feedback and advice on A09. Students also found working on for loops and while loops intersting.","Students found the in-class activity on user-defined functions to be the most interesting part of the lecture. They enjoyed learning about the application of UDFs, for and while loops, and working on A09 with their groups. Some were still confused about UDFs but found the in-depth instruction helpful. They also appreciated the practice questions and knowing what the material may be like for the upcoming quiz."
In this lecutre students found the functions and array indexing to be confusing. Students were also confused by assignment 5. Students were confused with concatenation and would require more examples. Students were also confused with how to use scripts. ,"Overall, students did not find anything confusing in the lecture. However, some students mentioned that they could have used a quick review on concatenation, and were confused about the difference between writing in a script and in the command section."
"In this lecture students were confused with what to expect on their upcoming evaluation and will require more details on their concept quiz/exam. Students were also confused with both while and for loops. Students also need more explanation with their assignments:8, 9, and 10. Students also were confused with indexing with loops in matlab.","Some students found for and while loops confusing, and some wanted more information on upcoming assignments and tests. However, most students found the class to be clear and straightforward."
In this lecture students were interested in working witht their teammates. They were also interested in working in matlab some more. Especially when using else if or if statements in the code it was interesting to work with for the students. The students also found working on the in class activity to be interesting. Lastly students found the selection structures interesting to use when solving problems. ,"Students found meeting their new groups and teammates to be the most interesting aspect of the class. They also enjoyed working on activities related to IF statements, logical reasoning, and MATLAB."
"In this lecture, students were confused by the instructions for A06. They were also confused by matlab, especially the logic used and plotting. Students also found the subaru activity to be confusing. Students were also confused by how to use readmatrix to truncate data.","Overall, students did not find anything confusing in today's class except for minor questions related to specific activities. Some students requested more detailed information on certain topics such as formatting for graphing and the use of specific commands."
"There seems to be no confusion related to the material covered in class. Students enjoyed learning about the different patents around the world. Along with that they also enjoyed generating ideas, especially the one for disable people around campus.","Students found various aspects of today's class interesting, such as collaborative sketching, idea generation, existing patents, and upcoming projects. However, some students found nothing noteworthy."
Students enjoyed learning about 3D Printing and watching it print a prototype. Along with that few of the students enjoyed the quiz while a few others were interested in how modeling a human body worked. There seems to be no confusion related to the material covered in class.,"In today's class, students found the quiz and modeling with shapes to be interesting. Additionally, the introduction of 3D printing for the design project caught their attention."
There seems to be no confusion related to the material covered in class. Students enjoyed learning about the weighted decision matrix and prototypes. Along with that they also enjoyed the quiz and one student liked the water storage solution.,"In today's class, students found the concept of creating a water storage solution for hikers with the help of a weighted decision matrix interesting. They also enjoyed seeing and learning about prototypes on a quiz."
Students enjoyed working on their presentations. Along with that students enjoyed the studio time that was given. There seems to be no confusion related to the material covered in class.,Students found working with their team during studio time the most interesting part of the class. They also expressed interest in speech planning and creating presentations.
"Some students had no confusion related to the material covered in class. There was confusion related to the in-class assignment, giving feedback, and A18. I would suggest clearing these doubts at the beginning of next class.",Students found working with new groups and data analysis interesting. Some were confused about how to give good feedback and complete the in-class assignment.
Few of the students had no confusion with the material covered in class. Other students were confused with the in-class activity. Along with that there was also confusion related to functional decomposition and A15.,"Students were generally interested in working with new groups, data, and pivot tables. A few students found the in-class activity and coming up with ideas for the upcoming project confusing. However, most students did not have any confusion in today's class."
"Students found formatting histograms to be the most interesting. Along with that other students found creating histograms to be interesting. One student enjoyed working with their team and how they collaborated with each other to complete their project during class time. Overall, students enjoyed learning about Histograms and its functions.","Students found formatting histograms to be interesting, especially with the help of TAs. They also found pivot tables useful for finding patterns in information, and appreciated the ease and speed of creating histograms for determining useful statistics."
"There is a lot of confusion related to the in-class assignment, quiz, weighted decision matrix, and iteration 2. I would suggest going over these topics at the beginning of next class to clear any doubts among the students.","Some students found the in class quiz, weighted decision matrix, and reflection portion of the second iteration confusing in today's class."
"In this lecture students found it interesting to talk with their new team memebers. Students also found it interesting to learn about probability and statistics, esecially about skewness and normal distribution. Students also were interested in starting their new project. They also were interested in learning more tips and tricks in excel. Also they were interested in creating histograms.",Students found learning about histograms and their applications to be the most interesting part of today’s class. They also enjoyed working with their new groups and learning about probability and statistics.
In this lecture students found it interesting to have studio time to work together as a group. Students also found it interesting to work on the in class activity. Students were also interested in pivot tables and creating histograms. They also were interested in completing their assignments and working on the bike project.,"In today's class, students found the studio time to work on assignments and the opportunity to work with their teammates to be the most interesting. Some found the new project topic to be intriguing while others did not have anything specific that stood out."
"In this lecture students found it interesting to learn about the dam and the reasons it failed to be very interesting, because it showed how many factors can lead to a catastrophic collapse. Students also were interested in learning about the circuit board. Students also found it interesting to work with their groups and learning about the new project.",Students found the new project and the TI kit to be the most interesting aspects of today's class. They also enjoyed working with their groups and learning about the background of the dam.
In this lecture students found it interesting to learn from the modules and work on the in class activity. Students found it interesting to work in teams. Students were interested by the Tsiolkovsky rocket equation. Students found it interesting to gather and format data using excel. Students found it interesting to look at the differences between categorical data and numerical data. Students also found it interesting to work with graphs.,Students found working with data and creating visual representations of data in Excel to be the most interesting part of the class. They also enjoyed working in teams and discovering Excel shortcuts.
There is confusion related to the In-Class Activity and Assignment 6. Along with that there was confusion related to the print function and working with figures in MatLab. I would suggest going over these topics at the beginning of next lecture.,"Students found the assignment instructions for A06 confusing and desired clearer learning objectives. Some students also found specific topics, such as plotting values and using certain MATLAB commands, to be confusing."
There seems to be no confusion related to the material covered in class. Students enjoyed watching videos in class and understanding how enzymes. They also enjoyed joining their groups and working on their projects. Few of the students enjoyed discussing different approaches to solving each problem and listening to their teammates' ideas as well.,"Students found the project work interesting, specifically working with enzymes and analyzing data through plots and equations. They enjoyed the real-world context and working in teams to solve problems effectively."
"There is a lot of confusion related to the idea of how a main function works and how sub functions can be created within it. Along with that there is also confusion related to user defined functions, so I would suggest briefly going over these topics at the beginning of next lecture.","Students found the in-class activity, working with new groups, data, and pivot tables interesting. Some students were confused about using sub-functions in main functions and understanding user-defined functions. They also wished for more practice questions and detailed explanations."
There seems to be doubts related to solving for initial velocity. Along with that there is also confusion related to the assignments. Few other students had doubts related to noisy data and linearizing data. I would suggest going over these topics at the beginning of next lecture to clear any doubts among students.,"Students found working with noisy data, M1b pseudo code, and linearizing data confusing. Clarification on instructions and time series data was also needed. Some students were unsure about how to loop through data efficiently."
There seems to be difficulty in accessing/setting up the assignments. Students also would like some clarity on MatLab and the mathematical functions included in it. I would suggest going over MatLab basics and how to access the assignment through MatLab at the beginning of next class.,"Some students found accessing and using Matlab confusing, particularly with regards to downloading and opening assignments. There was also confusion around different functions and elements within the code. However, some students did not find anything confusing in today's class."
"Most of the students were confused about arrays and array indexing. Some students wanted more clarity on the class activity. Along with that, some students were confused over the type of errors and block comments.","Students found the in-class activity and some concepts confusing, but appreciated the chance to work on their assignments. They also wished for more time and clarity on certain topics."
Most students were confused on plotting in MATLAB and other programming concepts like array indexing in MATLAB. Some students were confused about course logistics and content of assignment 06. Some students were also confused about logistics of having a zoom lecture.,"Students found aspects of plotting and graphing confusing, particularly in separating figures and plotting multiple datasets. Some were also unsure about the Y-axis of a graph in an activity. Some technical issues also caused confusion."
"Most students were interested in different plotting styles and techniques in MATLAB. A lot of students were also interested in importing and manipulating data from files in MATLAB scripts. Some students were also interested in exploring new commands in MATLAB, representing excel spreadsheets as matrices and the content of assignment 6","Students found importing and manipulating data in MATLAB, specifically through functions like readmatrix, to be interesting. They also enjoyed creating and customizing graphs and plots for their assignments."
"Almost all students were interested in learning about while loops and loop conditions. Some students were also interested in randomizing programs, the examples shown in the class by the instructor, getting time to work on assignment 7 with teammates and distinction between uses of while and for loops.",Students found the concept of using while loops to process data interesting and useful in various programming applications. The examples provided were easy to understand yet complex enough to demonstrate the lecture's concept.
"In this lecture students were interested in hearing feedback from their peers. Students were interested in learning baout their final design project and reviewing their designs. Students were also interested that they got some studio time. They also found the video they watched to be interesting. Lastly, students were interested in powering solutions.",Students found the peer review activity and studio time to be interesting in today's class. They also enjoyed receiving feedback on their work from other groups and found the design review questions to be engaging. The final design project and powering solutions were also mentioned.
"In this lecture students were interested in learning about their design project. Students were also interested to learn how to use arduinos. Students also found the problem statement interesting. They were also intersted in learning about past student final projects, and about starting their final projects. Lastly, students found working on Taum Sauk interesting.",Students found the final design project to be the most interesting aspect of today's class. They were excited to work with Arduinos and enjoyed learning about past student projects. Teamwork and problem statements were also highlighted as interesting.
"In this lecture students were interesting in their project as they felt it was realistic. Students also were interested in their final presentions. Additionally, students were interested in the extra credit oppurtunites they recieved. Lastly, students were interested in learning more about wdm.","Students found the Final Design Project and Final Presentations interesting. Some appreciated the teaching style of the instructor, while others found the discussion on extra credit opportunities useful. One student found learning about WDM to be interesting."
"In this lecture, students found it interesting to work with their groups and meet their team members. Students found it interesting to work on their in class activity. Students also found the solar panel project interesting. They found it interesting to work one the problem statement. Students found it interesting to participate and design something that can solve a real world problen.","In today's class, students were most interested in the solar panel project and meeting their new group members. They also found the problem scoping and emphasis on teamwork to be interesting."
"In this lecture, students found finding the SSE and SST values to be interesting. Students also found it interesting how linear regression can be used on a data set. Students also found making graphs interesting.Students found it interesting to use both excel and matlab. They also found it interesting to learn how to calculate r squared values.","Students found the use of Excel and MATLAB for linear regression interesting, particularly the built-in functions and the ability to calculate SSE, SST, and R-squared values. They also found the activity helpful in solidifying the subject."
"In this lecture students were confused with functions: how to call them, run them where to implement them. Students were also confused on how to name the files. Students did not find the in class activity or pre-class video useful they were still confused and felt un-prepared for the next assignment. Students also confused with structure of user defined functions and require further instruction.","Some students found functions confusing, particularly the initial structure of user-defined functions. However, others found the explanation for MatLab on functions helpful. The in-class activity and submitting files also caused some confusion."
"One student had no confusion related to the material covered in class. Other students would like more clarity related to the in-class activity, the project, finding maximum velocity, algorithms for Vi, and linearization methods. I would suggest going over these topics at the beginning of next lecture.","Most students found today’s class easy and were interested in working with new groups, data, and pivot tables. However, some students were confused about the project milestones, the in-class activity instructions, and certain topics such as linearization and Vi algorithm."
"There seems to be no confusion related to the material covered in class. Students really enjoyed learning about pseudo coding. Along with that, they also enjoyed the in-class activity, homework, and working on M2.","Students found various aspects of today's class interesting, including working on code and smoothing out noisy data using functions on Matlab. Pseudocode was also of interest as it allowed for better planning of ideas and converting algorithms to executable code."
"There seems to be no confusion related to the material covered in class. Students really enjoyed working on their projects, working on minimizing noise in the data, creating UDFs, and updating their code. I would suggest giving some time for their projects next class as well since they are enjoying working on their projects.","Students found various aspects of today's class interesting, including working with new groups, analyzing data, using pivot tables, and finding solutions to coding challenges. Some were particularly interested in linearizing data and minimizing noise."
"There is a lot of confusion related to the material covered in class. Students would like more clarity related to functions in Excel, functions in MatLab, logarithmic functions, and linearization methods. I would suggest going over these topics at the beginning of next lecture.","In today's class, students found nonlinear regression and graphing linearized data to be confusing. Some students also had trouble with specific steps in MATLAB and Excel. Additionally, there were concerns about the size of visual aids."
"There seems to be no confusion related to the material covered in class. Students really enjoyed working with both Excel and MatLab and being able to compare the functionalities of both. Along with that, they also enjoyed the in-class activity and working axes on graphs.",Students found the use of Excel and Matlab interesting for data analysis and visualization. They were also intrigued by different types of regression and the manipulation of axes in graphs. Some students suggested incorporating homework examples in future classes.
"There seems to be no confusion related to the material covered in class. Students really enjoyed working with regression. Furthermore, they also enjoyed calculating SSE and SST, working on the in-class activity, and having studio time during class.","Students found the in-class activity on linear regression interesting, particularly the use of SSE, SST, and r-squared values in Matlab and Excel. They also appreciated learning about pivot tables and working with new groups."
"There seems to be no confusion related to the material covered in class. Students enjoyed finding values, working with their teammates, calculating V0, and dealing with errors when calculating parameters.","Students found working with their teammates to create looping processes and calculating parameters such as V0, Vmax, and Km to be interesting. The use of user-defined functions was also noted as interesting, along with the different methods of finding Km and Vmax."
There seems to be a lot of confusion related to the material covered in class. Students would like more clarity related to the instructions of M3. They would also like clarity related to calculating SSE and submission of plots.,"Students found the instructions for Milestone 3 confusing, especially regarding calculating SSE and using feedback for algorithm changes. Some were also unsure about how to compare enzymes and use PGO data."
"There seems to be no confusion related to the material covered in class. Students really enjoyed working with Matlab. They also enjoyed working on their assignment during studio time, learning about vector operations, and receiving help from the class TAs.","In today's class, students found the use of MATLAB and its functions to be interesting, along with the practical studio time to work on assignments. They also appreciated the support from the TA and the ability to learn new skills in vector operations."
"Some students had no confusion related to the material covered in class. Other students would like clarity in finding initial velocity. They would also like help with the in-class activity. Furthermore, they would also like a more clear picture of the plan for next week.","Some students found nothing confusing in today's class, while others found certain topics such as finding initial velocity, the plan for next week, and the in-class activity to be a bit confusing. The large data set was also a bit confusing for some students."
"There seems to be no confusion related to the material covered in class. Students really enjoyed working on A10, working on the in-class activity, working with functions, and learning about breakpoints. ","Students found various topics interesting in today's class, including: using breakpoints, script vs functions, nested functions, and using a main function to manage UDF. They also enjoyed working on in-class activities and A10 with their new group."
"There seems to be no confusion related to the material covered in class. Students really enjoyed learning about array and linear indexing and working with them. Furthermore, they also enjoyed working with matlab and scripts.","Students found the array and linear indexing, programming standards, and debugging scripts to be the most interesting parts of the class. They also enjoyed learning about Matrices and using built-in functions in Matlab."
"One student had no confusion related to the material covered in class. Other students would like more clarity related to finding parameters and values, edits and modification to their code, and the calculation of V0. ","Some students found the instructions for finding parameters confusing and the graph in the video unclear. Others were unsure about when to make edits to their code. However, some students had no confusion in today's class."
Students enjoyed working with Matlab and learning about logical/relational operators and solving problems related to them. Some students enjoyed the group activity in class. Few liked that class was accessible over zoom.,"Students found the flexibility and efficiency of MATLAB interesting, as well as the ability to obtain the same solution through different methods. They also appreciated the online format and enjoyed group activities. Logical operators and solving problems were also of interest."
"Students seemed to have some confusion over the creation and usage of matrices. Along with that, students also found it difficult to plot graphs and figures. I would suggest going over these topics briefly at the beginning of the next lecture so these doubts are cleared up.","Students found aspects of plotting and using subplots in MATLAB confusing, particularly when combining multiple graphs. They also wanted more clarification on formatting and displaying different types of data."
"Most students had no confusion related to the material covered in class. Some students would like more clarity related to loops, matrices, and A11. I would suggest going over these at the beginning of next lecture.","Most students did not find anything too confusing in today's class, but some struggled with complex loops and indexing within multiple for loops. They requested more examples and practice on harder indexing for matrices."
There seems to be no confusion related to the material covered in class. Students enjoyed learning and working with loops. They also enjoyed learning about structures and the tic toc method.,Students found working with loops and understanding their application in solving problems to be the most interesting in today's class. They also appreciated the studio time and learning about the tic toc function for timing code.
"There is a lot of confusion related to the material covered in class. Students would like more clarity related to the if-else statements and structures. Along with that, they would also like clarity related to functions, the in-class activity, and assignment.","Students found some aspects of programming confusing, such as usage of if statements and logical operators. However, nothing was confusing for some students. Overall, the in-class activity and working with new groups were interesting for most students."
"Most students had no confusion but a few students would like more clarity related to functions, structure, and the assignment. I would suggest going over these at the beginning of next lecture.","The class was generally well understood, with some students finding nested structures, UDF inputs, and main functions confusing. However, the examples in class and group work helped clarify some of the confusion."
"There seems to be no confusion related to the material covered in class. Students enjoyed working with matlab and understanding its functionality. Along with that, they also liked doing the in-class activity and working on the assignment.","Students found the in-class activities and learning about MATLAB interesting. They enjoyed learning about arrays, vectors, and functions. Some students were beginners in coding and appreciated the professor's guidance."
"There seems to be no confusion related to the material covered in class. Students really enjoyed plotting graphs on MatLab, using certain MatLab functions, the assignment, and the in-class example.",Students found plotting data and using functions such as fprintf and subplot to be the most interesting part of today's class in MATLAB. They also found importing and representing data in different ways to be intriguing.
"Some students had no confusion related to the material covered in class. Other students would like more clarity related to loops, filters, and concepts related to MatLab. I would suggest going over these at the beginning of lecture next time.","Some students found nothing confusing in today's class, while others needed more practice in equations, using polyfit and polyval, and dealing with NAN values in Matlab."
"There seems to be no confusion related to the material covered in class. Students really enjoyed working with their teams. They also enjoyed learning about linearization, working with MatLab, and working on their code.",Students found working with their groups and the different approaches for linearizing data to be interesting in today's class. They also enjoyed having sufficient time to work on their projects.
"There seems to be no confusion related to the material related in class. Students really enjoyed meeting their teams. Along with that, they also enjoyed working with if-else statements, working on the assignment, and learning about flowcharts.","Students found working with their new groups and the in-class activities on logic structures, if statements, and flowcharts to be the most interesting topics in today's class. Some students also found the PCV formulas and input storage function to be useful."
"Some students had no confusion related to the material covered in class. Some of the students would like more clarity related to loops, functions, homeworks, and assignments. I would suggest going over these at the beginning of next lecture.","Students found working with new groups and data interesting. Some students struggled with complex loops and replacing them with vectors, but most did not find anything confusing in today's class."
"Almost all of the students were interested in learning about how to declare and use user defined functions and how they reduce the lines of code used. Some students were also interested in working in teams. Others were interested in the quiz review, the in class activity and leaving the lecture 10 minutes early.",Students found the in-class team activity and user-defined functions to be the most interesting parts of today's class. They also appreciated the extra time given for the team rating evaluation.
"Most students found it interesting how useful Excel is as a tool to analyze and visualize data. Students also found it interesting to use real life data in the classroom, learn about common mistakes that were done by other students and incorporating a lot more self-controlled learning experience.","Students found working with Excel, particularly pivot tables and formulas, to be interesting and useful. They also enjoyed the in-class activity and appreciated learning about common mistakes when presenting data. Some students also appreciated having control over their own learning."
Most students were confused on idea iteration. One student was confused on making conducting thought experiments and others were confused about metrics for the design and prototyping. One student was confused on editing code. ,Students found today's class to be straightforward with no major confusion. A few students were confused about the iteration process and how to edit the project code. Some students also had questions about the selection process for ideas.
Most students were interested in observing other groups' presentations. One student was interested in using the feedback forms to give feedback for other groups' presentations and another was interested in reviewing their group's design.,Students found it interesting to hear about other groups' project ideas and see their design reviews. They were also interested in the feedback form used in class.
"Students generally found interest in learning more about various subjects like Z-scores and probability, Criteria and Constraints for a design, analysis of heatmap data. Some students were interested in researching for an assignment, while some where interested in the course structure such as studio time and quiz preparations.","Students found various aspects of the class interesting, including z-scores and probability curves, the bike sharing assignment, constraints and criteria, and studio time for working on projects. Some students also appreciated the opportunity to work with new groups."
Most students were confused with calculating the payback period and savings for a design. Others were confused in general thermodynamics jargon; criteria and problem statement for a design document and course tools like excel and word. One student was confused about solar panel activity.,"Some students found the payback period calculations and thermodynamics concepts confusing, but overall the class was clear and straightforward. Students were also interested in working with new groups and data analysis tools like pivot tables."
Two students were confused about determining criterias and constraints for an engineering design. A student was confused with how to do research effectively and another student was confused about the organization of the in class assignment. Two students were confused about writing a problem statement while one was specifically confused on how to address the clients.,"Students found the in-class activity and working with new groups interesting. However, some students were confused about criteria vs constraints and the process of writing a problem statement. They also felt overwhelmed with the amount of information provided in class."
Most students were confused about what to do for the final video presentations. Some students were confused on what they need to do for the reflections and some were confused about detailed 3D designs and weighted decision matrices.,"Students found working with new groups and data interesting, as well as using pivot tables. However, there was some confusion about the final presentation and reflection requirements."
"In this lecture, students were most confused about assignment specifics such as due dates and expectations for group work. Students also mentioned confusion about determining the type of chart to use and differentiating data types. Students wanted more examples of making problem statements and also were confused on the engineering-specific meetings.","Students found today's class to be clear and straightforward. Some were confused about assignment details, navigating Brightspace, and determining chart types. One student was still confused about data types."
"Most of the responses today included topics about potential and how it confused the students, as well as integrating and setting up their problems that they are given in class. They also had some trouble with some electric field concepts.","Students expressed confusion over topics such as integrals, electric potential, partial derivatives, and potential energy. They requested more examples and clarification on these topics in class."
The students today seemed to struggle a lot with grounding and voltage/electromotive force. Some students mentioned trouble with their in class examples and questions. A group of students found current confusing and circuit analysis itself confusing.,"Students found grounding and circuit analysis, specifically the direction of currents and voltage drops, to be the most confusing topics in class. They requested more examples and clarification on related formulas."
"While there were some issues with understanding the concepts, students also seemed interested in these problems. Stdents mentioned that they enjoyed problems related to centripetal motion, terminal velocity and drag forces. There was some general discussions about top hat questions, and also acceleration. ","Students found the topics of terminal velocity, drag force, and centripetal force to be the most interesting. They enjoyed learning about real-life applications and solving related problems."
"Again, because this class was an exam, students did not respond to the reflection prompts in high numbers. Of the responses, several of them listed that they enjoyed the problems. Two students even made humurous comments about the exam. ","Students found the in-class problems and real-life situations the most interesting in today's class, while some enjoyed group tests. No particular topic stood out as interesting for most students."
"The vast majority of students had difficulty with relative motion. This included aspects such as deriving the equations, changing directions and what that means for vectors, and also kinematic equations. Many students specifically stated the monkey problem as the one they had the most difficulty with. It might be good to review it next class.","Students had various levels of confusion regarding the topics covered in class, particularly with relative motion, projectile motion, and the monkey and bullet problem. Some also wanted more clarification on the vectors and equations used in these topics."
"Many students still have some questions about vector mathematics. It seems like they still need some practice with it. Some students are also having some issues with TopHat. Again, this might be due to them needing more practice. Some other issues that the students have involve using sin and cos, angles, and the right-hand rule.","Students expressed confusion with vector addition/subtraction, unit vectors, and TopHat usage. Some also requested clarification on angle conversions and negative vectors. Overall, students found the lecture clear and helpful."
"There seems to be no confusion related to the material covered in class. Students really enjoyed the in-class demonstratios as it helped them deepen their understanding of concepts such as cicuits, current, and energy.",Students found the demonstrations and analogies between circuits and springs interesting in today's class. They enjoyed seeing how physical concepts played out in real life and found the energy analogy with inductor/capacitor energy and KE/spring energy insightful.
"There seems to be no confusion related to the material covered in class. Students really enjoyed the in-class demonstrations. Along with that, they also enjoyed working with phasers, vectors, current, and voltage.",Students found the visualization and interactive simulations of phasors and graphs to be the most interesting part of the lecture. They were intrigued by how different variables affect the circuit's graph and how the sinusoidal function represents many phenomena.
"Most of the students had no confusion since this class was basically going over the syllabus. A few students were confused about the roadmap of the course. Along with that, few students lacked clarity over how recitation works and had some conceptual questions as well.","Overall, students did not have many confusing aspects related to the syllabus lecture. However, some students were unsure about the structure of the outside-of-class portions of the course and how recitations will work."
There seems to be no confusion related to the material covered in class. Students really enjoyed the in-class demonstrations and problems as it helped them deepen their understanding over the concepts covered in class.,"The demonstrations and experiments conducted in class were the most interesting to the students, especially those related to the behavior of wires and their magnetic fields."
"There seems to be no confusion related to the material covered in class. Students really enjoyed the in-class demonstrations. Along with that, they also enjoyed the in-class problems and learning about waves, wavelengths, and index of refraction.","The students found the demonstrations of wave interference and the double slit experiment interesting and helpful. They also enjoyed the top hat questions and the practical applications of the material, such as the index of refraction."
"There seems to be no confusion related to the material covered in class. Students really enjoyed the in-class demonstrations. Along with that, they also enjoyed the simulations, animations, and the visuals shown in the class. I would suggest doing something similar for other concepts as well in the future.","The students found the demonstrations and visuals to be interesting and helpful, especially in understanding the concept of perpendicular electric and magnetic fields. They were also intrigued by the force and momentum of light. However, there were several areas of confusion related to direction of waves, magnetic and electric fields, and light."
There seems to be no confusion related to the material covered in class. Students really enjoyed the in-class demos and in-class problems as it helped them further deepen their understanding over concepts.,"The demonstrations in class were the most interesting to the students, as they helped them understand the material better. They found the wireless charging capability and the experiment with the ring shooting off the metal rod to be particularly fascinating."
"Students seem to be confused about the two metal plates problem. Along with that, there seems to be confusion about Gauss Law and how to use it. Other students had questions over other questions covered in class(i.e TopHat). I would suggest going over the two metal plate question next class along with addressing few of the other questions.","Students expressed confusion related to various topics covered in class, including Gaussian surfaces, symmetry, and electric fields. Some specific problems, such as the two-plate system and the unsolvable cube, were also challenging. More examples and clarification on variables and unit cancellations were requested."
"There is a lot of confsuion related to the material covered in class. Students would like more clarity related to the in-class questions. Along with that they would also like clarity over equations, the m value, and thin films. I would suggest going over these topics at the beginning of next class.","Students found the topic of thin films and interference confusing, particularly related to the use of equations, determining the value of m, and knowing when to switch between bright and dark equations. Questions also arose regarding the colors produced by thin films and their relationship to thickness."
"Students learned to use integration in their physics problems in this lecture. They worked with charge and electric fields, doing example problems utilizing various solids. Students were particularly intrigued by integral set ups.","Students found the integration method for calculating electric fields interesting, but had various questions related to direction of waves, magnetic & electric fields, and light."
"In this lecture, students worked on TopHat with charges and electric fields. Students were confused by the two aforementioned concepts, and how to use them to calculate charges and forces.","Students had some confusion with calculating electric fields and forces, as well as understanding the concept of electric field lines. They also found some of the problem questions challenging."
"There is a lot of confusion related to the material covered in class. Students would like more clarity related to phase shifts, tension, shearing, and concepts related to graphs. I would suggest going over these at the beginning of next class.","Students had some confusion about simple harmonic motion, including phase shifts and the use of K constants for objects. However, they felt that the class was overall helpful in clarifying these concepts."
There seems to be no confusion related to the material covered in class. Students enjoyed the live demonstrations and were throughly engaged. They also enjoyed learning about Friction and working with Friction Equations on problems.,"Students found the material in today's class confusing, especially related to direction of waves, magnetic & electric fields, and light. Live demonstrations were found interesting, along with the theoretical aspect of friction force."
"There is a lot of confusion related to the problems covered in class. Students would like more clarity over the last problem, push pull problem, and the coefficient of friction problem. Along with that, students would also like a recap of some of the concepts covered last class. ","Students found the last top hat problem and the two-block friction problem confusing, requiring more detail and explanation. They also struggled with visualizing the problems and applying the theoretical concepts to practical applications."
There seems to be no confusion related to the material covered in class. Students really enjoyed the live demonstrations as it helped them solidify the concepts. Along with that students also enjoyed working on problems related to Tension and Friction.,"Students found the in-class problems, direction of waves, magnetic and electric fields, and light confusing. However, they enjoyed the live demonstrations and examples related to tension and forces, particularly breaking the string with the balls."
There seems to be no confusion related to the material covered in class. Students enjoyed working on question related to work. They also liked the car example and the crash problems.,"Students found the application of physics concepts to real-life scenarios interesting, including the car stopping distance and police car problems. They also appreciated understanding how variables affect equations to better visualize problems."
"There seems to be no confusion related to material covered in class. Students really enjoyed the in-class demonstrations as it helped them deepen their understanding of the concepts related to energy, change in mass, etc.","The demonstrations were the most interesting part of today's class, particularly the ones related to resonance, energy transfer, and the impact of mass, frequency, and gravity on period and frequency."
"There seems to be no confusion related to the material covered in class. Students enjoyed the demonstrations shown in class. Along with that students also enjoyed learning about waves, nodes, and frequencies.","The wave demonstrations were the most interesting part of today's class, including standing waves, harmonics, and the relationship between k and w constants. Students found the examples and applications of wave equations fascinating."
There seems to be no confusion related to the concepts covered in class. Students really enjoyed the live demonstrations in class. Some students liked the demonstration related to shooting the monkey while others liked the moving car demonstration.,"The class was confusing for many students, with questions about direction of waves, magnetic and electric fields, and light. However, the live demonstrations were interesting, especially the one with a monkey."
There seems to be confusion related to the material covered in class. Students would like more clarity related to the right hand rule and the left hand system. Along with that there was confusion related to the vectors questions covered in class.,"Students found the right hand rule and vector problems confusing in today's class, but most were able to grasp the concepts with practice. Some requested clearer explanations regarding the direction of cross products and the purpose of the cross product."
"There seems to be no confusion related to the material covered in class. Students really enjoyed the in-class demonstrations as it further deepened their understanding of concepts such as collisions, center of mass, and momentum.","The demonstrations and visual aids used in class were highly appreciated and helped students understand complex concepts better. Confusion persisted regarding direction of waves, magnetic and electric fields, and light."
"There seems to be no confsuion related to the material covered in class. Students really enjoyed the in-class demonstrations as it helped them further deepen their understanding of concepts in light, refraction, and reflection.","The live demonstrations on light, including polarization and refraction, were the most interesting aspects of the class. Students found it engaging to see the behavior of light and its applications in real life."
